{"cameraMode":{"drawMode":0,"name":"Shaded","section":"Shading Mode"},"sceneLighting":false,"audioPlay":false,"sceneViewState":{"m_AlwaysRefresh":false,"showFog":true,"showSkybox":false,"showFlares":true,"showImageEffects":true,"showParticleSystems":true,"showVisualEffectGraphs":true,"m_FxEnabled":false},"in2DMode":false,"pivot":{"x":0.16123399138450623,"y":-3.398974895477295,"z":11.112730026245118},"rotation":{"x":-0.025801844894886018,"y":0.9443092942237854,"z":-0.31903451681137087,"w":-0.0763707086443901},"size":0.4375441074371338,"orthographic":false}