{"cameraMode":{"drawMode":0,"name":"Shaded","section":"Shading Mode"},"sceneLighting":false,"audioPlay":false,"sceneViewState":{"m_AlwaysRefresh":false,"showFog":true,"showSkybox":false,"showFlares":true,"showImageEffects":true,"showParticleSystems":true,"showVisualEffectGraphs":true,"m_FxEnabled":false},"in2DMode":false,"pivot":{"x":0.06128832697868347,"y":-3.571944236755371,"z":11.964503288269043},"rotation":{"x":0.18997037410736085,"y":-0.05151883885264397,"z":0.009982096031308174,"w":0.9803900718688965},"size":1.0624558925628663,"orthographic":false}